95,145.4775241520867
96,158.899986365904
97,174.64231595025626
98,177.08844732421437
99,176.87916807007724
100,167.64198786298067
101,159.21615602294492
102,150.45563744311116
103,142.1565622463477
104,134.56834515931223
105,128.63568495752645
106,123.10749379605059
107,118.28803236917697
108,113.42250973647512
109,110.17482914072767
110,105.6293405944552
111,102.7757305414214
112,101.13163744378369
113,100.1075992447546
114,97.59099446584361
115,97.82137089178887
116,96.54334381512695
117,96.78304566434645
118,95.78268461898419
119,94.0478883248833
120,92.14654406549664
121,88.42153111439652
122,88.00973434478146
123,84.42242596480654
124,82.46363991150105
125,78.18758292132911
126,74.3622665909044
127,71.37324565093026
128,70.50428023427406
129,70.30136238043934
130,70.11981948415401
131,70.61251361123405
132,70.45039728140776
133,70.07612739875694
134,69.6263222492107
135,69.02779260116601
136,68.6571877672367
137,68.0008802771557
138,67.11459251915454
139,66.6664259085025
140,66.06887453642284
141,65.84821935419265
142,65.06145124558644
143,64.90755975731543
144,64.25515164483886
145,64.73477460044204
146,64.36353753116553
147,63.9373681003309
148,63.61787748959695
149,63.69926383161442
150,63.31343165743963
151,63.6792477861906
152,62.85802529796838
153,62.868161063234105
154,62.40921165372278
155,62.40815663522697
156,61.51927626990399
157,61.62424745494882
158,61.12941064908685
159,61.26606309311329
160,60.91353855705879
161,60.67438339951616
162,60.54097085480408
163,60.36892828930284
164,60.05466553865334
165,59.97046650165104
166,60.00261698098603
167,59.46674036179121
168,58.94239010187598
169,57.85963192008874
170,57.89961783795873
171,57.026172497816134
172,56.76882436634403
173,56.136250336414534
174,55.88040354341959
175,55.54619800534133
176,54.99364284836893
177,54.48106323339897
178,54.2993771704423
179,53.61853746144798
180,52.89712446826036
181,52.553738627886176
182,52.38336820766853
183,52.05839223048898
184,51.956126669326295
185,51.78450382792167
186,51.786409163720386
187,52.28359865252
188,52.127005664545
189,51.88996992958723
190,51.6544443563424
479,104.5399492913858
480,131.58831495371942
481,134.8486256276321
482,132.71110801151514
483,127.94519565020761
484,122.23879852118493
485,115.46811052288416
486,110.41705065845622
487,106.67248353573645
488,102.82888589638486
489,98.16756524834855
490,92.82463976648626
491,91.14962282236775
492,88.31084695699036
493,86.18855107135192
494,83.47821501527324
495,81.19630672436857
496,79.09822986017262
497,76.91299720357213
498,75.70350616861046
499,74.20765473813823
500,72.9586903695882
501,71.18581307821856
502,69.70280346548998
503,68.11028628394553
504,66.55767386849362
505,64.31884403778275
506,62.3559726823562
507,60.656527507327716
508,59.52182679749209
509,57.76972500949922
510,56.31403323355138
511,54.82917346096408
512,52.45939963547421
513,50.43936379125697
514,48.584943230574964
515,46.147001117679515
516,43.65070155768216
517,41.29417664882934
518,39.821281831231275
519,37.850080111094414
520,36.145349393687624
521,34.74028915458565
522,31.690366380675595
523,29.62272446005043
524,26.907507022748007
525,24.615805910870314
526,23.340491381711765
527,21.151052255172555
528,19.47681805095197
529,18.193484247095785
530,17.344477380792227
531,16.0796594810692
532,15.250709331510215
533,14.646369924760975
534,14.626189564211835
535,13.756403762969732
536,13.098977188766519
537,12.523856222033587
538,11.536611799113984
539,11.227478729239394
540,10.682522065945932
541,10.015384659029785
542,109.6515013088873
543,122.63887789533274
544,123.701959740462
545,126.64859676236948
546,125.56585628068241
547,125.58871417069997
548,123.1622079896255
549,118.28245241980424
550,113.96970022001956
551,109.99778322073018
552,106.47048180332429
553,102.98885430254148
554,98.41699518358894
555,95.10521449874457
556,92.03589016641806
557,89.23400353684838
558,86.37453825209866
559,83.56689191697579
560,80.63538372477936
561,78.42785321470366
562,76.80034877556581
563,75.1706917776551
564,73.67671993056541
565,72.45492723527232
566,71.0167931950888
567,70.0425221221633
568,68.29137788256216
569,66.43396920168652
570,63.331961650569355
571,60.16250013210863
572,56.10751711533762
573,54.48987405302093
574,53.24628642338134
575,48.4786140845514
576,47.514896688382166
577,46.4780457960733
578,43.715554355550154
579,40.26669309264494
580,36.633635478509056
581,33.52251265532834
582,31.138660760651547
583,28.85745791809318
584,27.309096433561308
585,25.646535388473474
586,24.074842156545596
587,22.97830696259635
588,21.483227203336583
589,21.49550987510254
590,20.46046542544989
591,19.483391054515113
592,19.19907377277737
593,18.98170057438702
594,19.04731731353463
595,19.407119036524243
596,19.529111686474646
597,19.336848244165946
598,19.350835336344062
599,19.926204499887135
600,20.33862897182818
601,20.87399642826573
602,20.962312295554636
603,20.624359074579736
604,20.87690339662143
605,20.731705633099146
606,20.814730862098454
607,21.07837877314392
608,21.978797085560586
609,22.351530688574698
610,22.54869219009034
611,22.78573302708605
612,22.850705013223507
613,23.022214147963293
614,23.151817131689093
615,22.856994907112973
616,22.86513253315527
617,22.650966071063124
618,22.78634146858934
619,22.832244789257118
620,22.64970489613279
621,22.96595808947823
622,22.74015659844929
623,23.20257865316225
624,23.137843456671664
625,23.098129555495955
626,23.747328812753548
627,23.619192598006975
628,23.59416086308859
629,23.288552546583954
630,23.36875770016957
631,23.299554681582677
632,23.256679633085557
633,22.913296096909324
634,23.177899823596448
635,22.83006936219927
636,22.63997892989294
637,22.65508081183462
638,22.578623952913244
639,22.80310175119365
640,22.423177211128397
641,22.033815070428513
642,21.889282605506256
643,21.696928023296422
644,21.504117018730458
645,21.2164579503334
646,21.20407888304666
647,20.933908015469346
648,20.881869472660476
649,20.65523267935842
650,20.072872884097542
651,20.61839623763243
652,19.865056844720574
653,19.851810264708195
654,20.10381054263415
655,20.159965834490247
656,19.618886697086804
657,19.775476674502197
658,19.732716413330433
659,19.68369646657605
660,19.73424501330119
661,19.93043892308542
662,19.689627731687526
663,20.17025805117855
664,20.405469498321924
665,20.16544288307893
666,20.659535806087526
667,21.122136543591488
668,20.720746633796423
669,21.019751645552024
670,21.2259807197203
671,20.984177907828034
672,21.01850473148401
673,21.188561477648037
674,21.009838877608416
675,21.132133557686803
676,21.11003033279288
677,21.131825685052604
678,21.27435450382381
679,21.47612432736396
680,21.20685795067106
681,21.11013221144732
682,21.54650718381679
683,21.376353843692883
684,21.24278638358772
685,21.68795351117387
686,21.466214077033573
687,21.424240600326392
688,21.35699739773857
689,21.815264558047335
690,21.52048298341886
691,21.557858786325152
692,21.392945763993282
693,21.388085763227327
694,21.14430130529366
695,21.144215817206277
696,20.795211807026597
697,20.67462822971123
698,20.32845078724791
699,20.182912487420946
700,20.570233497484264
701,20.588789181411656
702,20.540912757184465
703,20.598791310051546
704,20.620334116342775
705,20.96709536739813
706,20.750413817433216
707,21.01920487187742
708,21.20526301476034
709,21.23393417923043
710,21.203187214632433
711,21.36254080878854
712,21.358835479914482
713,21.66073822769705
714,21.354019879668535
715,21.48413043172494
716,21.44515098513009
717,21.508126313522027
718,21.57594693940595
719,21.70650762287463
720,21.8128984167223
721,21.760142090011673
722,21.605803127019037
723,21.750750372791543
724,22.18088852747526
725,21.985241967707765
726,22.05120567022963
727,21.756985539301287
728,21.96190127626395
729,21.772452445620683
730,21.69643007867441
731,21.913289484517488
732,22.008168325653227
733,21.646030756273174
831,153.17442481426517
832,177.84125245490102
833,178.42748110866262
834,158.83447044568385
835,157.37111808542838
836,148.71841937665974
837,142.37499292582407
838,135.23849171420943
839,124.09891928056864
840,112.70333835401817
841,103.15741555414053
842,95.63639908088746
843,90.82796429551684
844,85.09757069595761
845,80.97346437353971
846,75.589023189069
847,72.32727345017479
848,68.56482478477065
849,65.76968183334212
850,63.03651596310281
851,58.11834140490805
852,54.09093056437905
853,51.85644031188159
854,49.60461965195221
855,47.69893162334393
856,47.204529538009034
857,44.94498850494805
858,44.5243268087795
859,42.463442149830115
860,41.378823353320314
861,40.40079323752634
862,39.2135351007423
863,38.97474271491691
864,38.40995192239843
865,38.03265753557768
866,37.62688305187774
867,35.84398261284302
868,34.944804594664
869,34.627382834699134
870,34.125704815365
871,31.891231652395525
872,33.558705338648494
873,34.32374874475406
874,33.05636997769478
875,31.158915001182773
876,135.97636766856718
877,139.75644929008496
878,136.07316775695804
879,130.9902065735272
880,129.06669984733506
881,124.7517746394892
882,119.19311243544425
883,113.46169535833954
884,109.3596496082915
885,102.87234798558853
886,97.88425209241268
887,88.72400961445598
888,83.794726093593
889,79.40792330743832
890,74.8200487684569
891,70.51012532102078
892,66.31821115852651
893,63.812393883466484
894,60.18648800897682
895,57.52464825395923
896,54.97399402664312
897,52.693364470114076
898,49.1655739613427
899,47.75072669402882
900,46.951241341295166
901,48.074957477848415
902,44.80150589594466
903,44.18291762107366
904,43.01775024728082
905,41.09313460338075
906,42.26085207405672
907,40.036231265556474
908,41.75213651043002
909,38.4252382368561
910,39.85939147983235
911,40.7691397900933
912,38.19494082880455
913,35.784003102938144
914,38.04405973879752
915,34.884999884298004
916,37.393736852476366
917,33.512215373927674
918,33.97312623798754
919,34.40460163514181
920,34.65358650688088
921,34.56698168202212
922,34.019915521732344
923,32.25921826093436
924,30.002313168699942
925,32.06515645004368
926,28.296707156913904
927,28.61360831521193
928,25.158362975441523
929,25.41450723535382
930,26.969057538177207
931,24.425304997609274
932,26.5109834868612
933,23.720834280327896
934,24.558473272106106
935,22.612345588998576
936,23.668564566796917
937,23.065558655515755
938,23.070154973303982
939,23.710121134419285
940,22.134807378694656
941,21.853785168427212
942,21.510351256106766
943,20.08000935532397
944,21.31412229390512
945,20.161024673085166
946,23.64445627294747
947,20.567188076509034
948,19.40919536260996
949,18.32207167485143
950,23.537817905110586
951,20.90522177514079
952,19.477164119055765
953,17.98289354386445
954,17.38742966354765
955,16.629310610228117
956,15.617573926829365
957,15.045717702832675
958,17.185301050675506
959,16.099730962169147
960,15.020648716975415
961,16.1712967069407
962,15.32934892514325
963,16.633316461058676
964,18.49083639658379
965,18.845578783332673
966,18.419734648846706
967,20.46955105120572
968,21.32101490520371
969,20.171559455162818
970,18.481842551646107
971,17.70461212912882
972,19.383135174584712
973,18.178258554559005
974,17.123978493173936
975,19.096780848500583
976,17.865367412154335
1769,146.9337980033099
1770,165.24348211325966
1771,162.26529650354254
1772,161.6381349191421
1773,155.3231309168424
1774,142.80885514916628
1775,128.19062828558572
1776,117.86197638365982
1777,109.79243221375268
1778,104.92943626496708
1779,100.76066589972099
1780,96.98622738967603
1781,93.04194828791691
1782,89.17545362800385
1783,86.43716541261952
1784,83.3575854349208
1785,80.44641647585436
1786,77.33026463858992
1787,72.507861733238
1788,67.87647247288103
1789,64.3485571978448
1790,60.19109455360055
1791,57.445877831968374
1792,53.9351662580502
1793,50.616611816175094
1794,45.95760594508461
1795,41.79692304184844
1796,39.92312412077705
1797,39.2060375709217
1798,38.30699935353882
1799,37.5486940261118
1800,36.3279912366999
1801,35.1222492987845
1802,34.26596069722991
1803,33.13870921753002
1804,32.435624003002594
1805,31.309145399832605
1806,30.635361358241035
1807,29.563569082466564
1808,28.999283206331008
1809,28.30718343221975
1810,27.861223441639243
1811,27.22517043968731
1812,26.681360230472563
1813,25.69491311373527
1814,24.946573001260887
1815,24.42238697498773
1816,23.705235100513654
1817,23.022036676279733
1818,22.088342135486293
1819,21.746600027395694
1820,20.58076062324653
1821,20.46870924575344
