sample number,含水率
95,147.6661656943382
96,160.4616854121108
97,175.14110996475654
98,177.33096991041546
99,176.43588430680768
100,167.9696844033945
101,159.4479775313187
102,151.01316864654686
103,142.88640964991873
104,135.84941459336838
105,129.63838568387297
106,124.35613761436471
107,119.40860910595963
108,114.43407621430944
109,111.0604741640266
110,107.00692219815195
111,104.08130486324306
112,102.08385740013938
113,100.79872444703625
114,98.86556048618233
115,98.58632742737765
116,96.90094434897458
117,96.90253770715557
118,96.07859464473
119,94.4065370913693
120,92.74298088931747
121,90.03280032901029
122,88.91641463898213
123,85.16124114226781
124,82.47071019909217
125,78.09004853867184
126,74.20264852777376
127,71.37520732421515
128,70.18513465582215
129,69.5379884810576
130,68.94412175211016
131,68.99005044389192
132,68.70503397792683
133,68.37951380851291
134,68.06282796739573
135,67.56305317566185
136,67.42176578553318
137,66.94486793819758
138,66.37521895687165
139,65.96027016980814
140,65.5528283299174
141,65.42168424172934
142,64.73720113927517
143,64.72184733392405
144,64.20796928572827
145,64.54515352179457
146,64.34133626164542
147,63.99135144964018
148,63.61145835416581
149,63.6179399440078
150,63.339673098367555
151,63.69035784616764
152,62.985146896165745
153,62.925305654970835
154,62.644246710211
155,62.559891748518
156,61.88697525348236
157,61.81855313035971
158,61.44207911032407
159,61.450239335068005
160,61.18448483052678
161,60.95166489420162
162,60.81842211127922
163,60.62084330290877
164,60.31416467214591
165,60.26116152001827
166,60.24481662219001
167,59.79256326669938
168,59.25499671157766
169,58.32652155484714
170,58.32712627893701
171,57.604758782960815
172,57.249024592419914
173,56.815998436780916
174,56.50633240102359
175,56.19542397367067
176,55.64762365824796
177,55.16829653106483
178,54.887950817615675
179,54.31118283940193
180,53.727163156136236
181,53.31946130913193
182,53.29725535667861
183,52.859992561293005
184,52.71001029456185
185,52.60139009729609
186,52.45520631350373
187,52.992884919753166
188,52.70633154831357
189,52.49461434550589
190,52.285326043571125
479,105.00618174389261
480,127.78735065251105
481,130.9166080964813
482,128.54371264011223
483,124.3300442510812
484,119.16812094188025
485,112.93602234448238
486,108.3664201426381
487,104.72070547142764
488,101.05045071591775
489,96.67210292053544
490,91.65789722776344
491,89.8321216702023
492,87.29497290883421
493,85.15307001598583
494,82.50481745615161
495,80.14628917665179
496,78.10393077567436
497,75.92017194920221
498,74.74263499684658
499,73.15640037962912
500,71.90266585009445
501,70.09870738039898
502,68.57346878448818
503,66.84034518508776
504,65.31968631884033
505,63.133469209211796
506,61.185009484661606
507,59.501214648244144
508,58.304711465518835
509,56.63322961762117
510,55.28538294512871
511,53.9374814574366
512,51.723315052615696
513,49.67360150048293
514,47.8756965609141
515,45.69081939620761
516,43.51535937761739
517,41.3743068842448
518,39.7209274825408
519,37.52023379975241
520,35.74987022884726
521,34.25303888880171
522,31.249464974438062
523,29.12201757254584
524,26.577122901054587
525,24.511683437945
526,23.250695736149392
527,21.31889461668801
528,19.654911016322814
529,18.33522555290766
530,17.341376027975976
531,16.228811632042316
532,15.255296428470643
533,14.627478269724321
534,14.375257958063322
535,13.51030611739624
536,12.701025650183823
537,12.053251280182913
538,11.185389513917762
539,10.775984870070516
540,10.10780441109749
541,9.656195762506655
542,108.9075609795786
543,118.08380493425204
544,120.51585365534594
545,124.35563045476677
546,123.44985329819714
547,123.34987356717006
548,120.78247402177591
549,116.31524093196413
550,111.8875933272871
551,107.99302289058716
552,104.56935078454154
553,101.16519598677193
554,96.87581446967876
555,93.44623849804466
556,90.26031813396727
557,87.29467480942628
558,84.47467719102318
559,81.60779042435078
560,78.75949422281268
561,76.72793615106818
562,75.01183819828546
563,73.38172018704255
564,72.07282809250087
565,70.73094180432797
566,69.49243421521246
567,68.46267923127283
568,67.0484223598331
569,65.5925252466482
570,63.12869544359884
571,60.46521053289081
572,57.147014531904134
573,55.54447474953426
574,53.79155459191949
575,49.56826138603
576,47.749729387929
577,45.84676777238977
578,42.961981792455255
579,39.53929538123009
580,36.161130424986325
581,33.13281276363489
582,30.696837462623048
583,28.372706472678345
584,26.566410157430116
585,24.83593460513974
586,23.122400107355453
587,21.89735637978257
588,20.484393964949046
589,20.142978850555803
590,18.9399228144589
591,17.84165348394267
592,17.390812315833855
593,17.025663265645967
594,17.084549965193446
595,17.46296060803234
596,17.52349160357057
597,17.325462977345282
598,17.314343914000496
599,17.7543826327343
600,18.220858587933023
601,18.66866483389348
602,18.75186487546005
603,18.530623676583964
604,18.601625203310444
605,18.456669024628816
606,18.57934009601753
607,18.80392903455158
608,19.56480850046951
609,19.995102615221754
610,20.120627014394092
611,20.325239373935993
612,20.443198023670213
613,20.569552186916862
614,20.658220763374334
615,20.346196408977825
616,20.38685860372533
617,20.175390944219405
618,20.32365829507034
619,20.350122320398942
620,20.273319478765718
621,20.461769290172274
622,20.258868675961605
623,20.694106250655203
624,20.573079924979147
625,20.628278564865507
626,21.113986479535388
627,21.087332068808763
628,21.06169554105928
629,20.79590257945405
630,20.791566685629224
631,20.698852983839377
632,20.701479806510534
633,20.407547598382425
634,20.532393458069105
635,20.25380241884599
636,20.111363284904215
637,20.07068429855454
638,20.140931893452283
639,20.252061339518807
640,19.907061889794274
641,19.61220138930829
642,19.423836180208095
643,19.411601639292908
644,19.143957094928762
645,18.879319233844207
646,18.91863440359571
647,18.57792905856638
648,18.56510171271385
649,18.321410836030935
650,17.934391723084964
651,18.318319662620297
652,17.645562268132927
653,17.61711470014859
654,17.785033668951044
655,17.903270969574166
656,17.40705828390395
657,17.56711925855752
658,17.490700893802206
659,17.50094260565696
660,17.490405992427036
661,17.66069062429804
662,17.48326196849907
663,17.93668980432274
664,18.035449213513548
665,17.901612633589068
666,18.334690619556145
667,18.670419834977597
668,18.4024004488029
669,18.58019210603285
670,18.760234954212347
671,18.61425847906266
672,18.70198918770427
673,18.79862427152791
674,18.73488093247629
675,18.654538459901254
676,18.68596508105349
677,18.772841817875825
678,19.000259612947183
679,19.059675450350127
680,18.87946904265411
681,18.729724521911834
682,19.111515418807414
683,19.113811052609456
684,18.970918243625306
685,19.191241176476847
686,19.113168455046747
687,19.14071142631301
688,18.989566872805987
689,19.368762336800145
690,19.095777380467258
691,19.253814777170117
692,19.079124767021153
693,19.089587411694083
694,18.832408375907413
695,18.811943448731306
696,18.41683262213322
697,18.259318239968497
698,18.095233672934025
699,17.9817628090559
700,18.240959382353324
701,18.237883542352506
702,18.22888617758399
703,18.35201766074526
704,18.336558606257846
705,18.606172479512036
706,18.42192884274035
707,18.640098231257618
708,18.824454655490843
709,18.89266580860235
710,18.92171730913908
711,18.984531249496932
712,19.032652528829328
713,19.25046203246621
714,19.05906172869699
715,19.095905741575834
716,19.14773039014502
717,19.19288755641677
718,19.201302685247263
719,19.344457063432987
720,19.429076847365508
721,19.409290240232135
722,19.288805725939714
723,19.395427569734252
724,19.6754290838723
725,19.615321119863136
726,19.63128314780341
727,19.390898136425193
728,19.613064716388134
729,19.37302623902874
730,19.36302607578859
731,19.562932770714426
732,19.565384399454977
733,19.43066576637225
831,150.7546973812767
832,174.21507406064228
833,174.37180360720927
834,155.46573075482848
835,153.5755941661635
836,145.04858989727438
837,138.4516213955472
838,131.22173432226833
839,120.54367956727079
840,110.12775531372193
841,101.14738452354808
842,94.43902408866919
843,89.68726516315937
844,84.6193407977573
845,80.3870165178704
846,75.41533913706931
847,72.25609412880571
848,68.41088502622816
849,65.35540908616927
850,62.581224346620644
851,57.88373449690685
852,54.31360948288451
853,52.18165289482862
854,50.20074807497559
855,48.29297087079671
856,47.84425479762384
857,45.64374870929756
858,45.032644771100436
859,43.15628797848296
860,42.25072465671381
861,41.23641537283704
862,40.03609124181643
863,39.890006196093296
864,39.2741028025416
865,38.91525973222161
866,38.51846190833105
867,36.923750915793576
868,36.17637480615508
869,35.7663354894467
870,35.29771727711461
871,33.26903930788599
872,34.6666727121201
873,35.291942653360145
874,34.113415138073016
875,32.39769566312048
876,138.14461703066075
877,141.7844079827629
878,138.41945379013646
879,133.7816091678236
880,131.6858627442832
881,127.24373272251212
882,121.5983809951066
883,116.04887473167454
884,111.91058515640431
885,105.28018112653362
886,100.18682497635953
887,91.70471263748499
888,86.75324222008118
889,82.04910670178596
890,77.53157240830407
891,73.23637548448367
892,69.24339743153021
893,66.40824264304287
894,62.971434592104345
895,60.40885292604477
896,57.88239081097418
897,55.69267358408003
898,52.462224635222334
899,50.93839114838083
900,49.99565193248632
901,50.976733263440174
902,47.87281534575231
903,47.11919791431279
904,46.13068033978792
905,44.26557728105696
906,45.29146095153554
907,43.124246689077765
908,44.48647629713436
909,41.53440532038836
910,42.6040073767812
911,43.52513186681688
912,41.10732128560127
913,38.6870513382125
914,40.54641382731904
915,37.440810780868496
916,39.546800911716346
917,35.88683592007532
918,36.019513773046
919,36.444163504975016
920,36.65870035928505
921,36.53572223201974
922,36.00701425235536
923,34.333731043071666
924,32.2247696752367
925,34.30788713802032
926,31.14311339455973
927,31.41564588054538
928,28.312494118063736
929,28.67089535096512
930,30.03992252467533
931,27.76213489778081
932,29.558905052789427
933,27.007964478981517
934,27.93417764594719
935,26.125922542263112
936,27.055004871826736
937,26.519969634190616
938,26.533563438119096
939,27.11852354480792
940,25.740906109422436
941,25.360186589884893
942,25.126312467798307
943,23.811582234234788
944,24.955014928394014
945,23.87640004457862
946,27.08141859987298
947,24.37224843366612
948,23.307525888582763
949,22.213851232656857
950,27.0780277712175
951,24.863205870992967
952,23.549964960353165
953,22.17463780432095
954,21.44941272101667
955,20.796468663079885
956,19.79449683218791
957,19.246635897738763
958,21.192784732840597
959,20.1630687772927
960,19.295329763009057
961,20.2226230781512
962,19.415807758050263
963,20.592974682056383
964,22.373164049171194
965,22.65810756558851
966,22.242460967942886
967,24.050668477209246
968,24.89885026520728
969,23.694826541291373
970,22.174166440569813
971,21.423008761941958
972,22.974508136488748
973,21.8624313853683
974,20.848008512893244
975,22.557009417707143
976,21.43664927393782
1769,143.96668773965771
1770,159.91166361643633
1771,157.92887419491956
1772,158.96831913787193
1773,153.2275730578193
1774,141.21683456963913
1775,126.96608875486478
1776,116.49926349146935
1777,108.13632980524582
1778,103.28202128007754
1779,99.30137846743091
1780,95.6327605773858
1781,91.74123529413096
1782,87.85842166564225
1783,84.95310893026122
1784,81.67197898922407
1785,78.82651041180995
1786,75.88104949674903
1787,71.21212535420426
1788,66.90762308564469
1789,63.5189840751428
1790,59.527040759666114
1791,56.81812401331386
1792,53.13523232915638
1793,49.90117226879569
1794,45.881396197674746
1795,42.159899679173
1796,40.09586998686323
1797,39.12281133700486
1798,37.94741391963971
1799,36.95474406722401
1800,35.84870358939468
1801,34.64793031570316
1802,33.77866779710349
1803,32.71158824673386
1804,31.967639176773055
1805,30.782196031068054
1806,30.207828664753013
1807,29.19041667405405
1808,28.660857627354638
1809,27.719713098905327
1810,27.393782017644533
1811,26.807043781415462
1812,26.202411798884544
1813,25.260855514673665
1814,24.41201417195908
1815,23.894112121720116
1816,23.187654314315118
1817,22.55471545532924
1818,21.58462291869787
1819,21.32548451996792
1820,20.21501264272968
1821,20.016691392950815
